{
    "loss": 0.21846427023410797,
    "accuracy": 0.8776978254318237
}